[
  {
    "id": "1",
    "name": "Product1",
    "descripations": "Product descripations1",
    "frantImage": "https://www.thechennaimobiles.com/image/cache/catalog/f19p-slr-600x600.jpg",
    "backImage": "https://www.thechennaimobiles.com/image/cache/catalog/f19p-slr-600x600.jpg",
    "ramTitle": "6 GB",
    "ramDetails": "Samsung Exynos 2100 High-End Processor\n\nDetails of Eight CPU cores are below\n\n2.9 GHz Cortex X1 Single-core\n\n2.8 GHz Cortex A78 Triple-core\n\n2.2 GHz Cortex A55  Quad-core",
    "ramEg": "These CPU cores work on a dynamic allocation.  e.g.,\n\n1) For gaming that relies on Single-core performance, Cortex XI will be used, which is the most powerful CPU core.\n\n2) For medium-level tasks such as image editing, video editing, etc., Cortex A78 is chosen.\n\n3) For web browsing, Cortex A55 is chosen.\n\n \n\nThus this CPU is one of the most diverse CPUs available as of Early 2021.",
    "displayTitle": "6.8 inches",
    "displayDescription": "1)Size Size 6.8 Inches\n\n2)Resolution 1440x3220 px\n\n3)Refresh Rate 120Hz\n\n4)Technology AMOLED",
    "proccesor": "dual core",
    "mainCameraTitle": "108 MP",
    "mainCameraDescription": "1) 108MP wide (f/1.8)\n\n2) 12MP ultra wide (f/2.2)\n\n3)10MP (3x zoom, f/2.4)\n\n4)10MP (10x zoom, f/4.9)\n\n5) Laser AF sensor",
    "frontCameraTitle": "40MP",
    "frontCameraDiscription": "40MP (f/2.2)",
    "gamingGpuTitle": "1",
    "gamingGpuDiscription": "Mali-G78 MP14 (14 cores)",
    "networkSpeedTitle": "1",
    "networkSpeedDiscription": "5G/4G\n\nWifi Speed\n\nWired Interface",
    "bodyStroageTitle": "1",
    "bodyStroageDiscription": "Body Colours  \n\nBody Material\n\nStorage and Expansion\n\nSensors",
    "operatingSystemTitle": "1",
    "operatingSystemDiscription": "OS Version\n\nRecent OS version if Available\n\nOS Features and other Apps Available",
    "networkFrequencyTitle": "1",
    "networkFrequencyDiscription": "Network Frequencies Pure",
    "companyAccessoryTitle": "1",
    "companyAccessoryDiscription": "First Party Accessories Bundled\n\nFirst Party Accessories Paid ",
    "conclusionTitle": " 1",
    "conclusionDiscription": "1",
    "proccesor": "OS Android 11",
    "water_proff": "YES",
    "ssd_space": "128 SD",
    "price": "26000",
    "check": "false"}
    ,
  {
    "id": "2",
    "name": "Product2",
    "descripations": "Product descripations1",
    "frantImage": "not image",
    "backImage": "image",
    "ramtitle": "6 GB",
    "ramdescription": "Samsung Exynos 2100 High-End Processor\n\nDetails of Eight CPU cores are below\n\n2.9 GHz Cortex X1 Single-core\n\n2.8 GHz Cortex A78 Triple-core\n\n2.2 GHz Cortex A55  Quad-core",
    "rameg": "These CPU cores work on a dynamic allocation.  e.g.,\n\n1) For gaming that relies on Single-core performance, Cortex XI will be used, which is the most powerful CPU core.\n\n2) For medium-level tasks such as image editing, video editing, etc., Cortex A78 is chosen.\n\n3) For web browsing, Cortex A55 is chosen.\n\n \n\nThus this CPU is one of the most diverse CPUs available as of Early 2021.",
    "displaytitle": "6.8 inches",
    "displaydescription": "1)Size Size 6.8 Inches\n\n2)Resolution 1440x3220 px\n\n3)Refresh Rate 120Hz\n\n4)Technology AMOLED",
    "pro": "dual core",
    "maincameratitle": "1",
    "maincameradescription": "1) 108MP wide (f/1.8)\n\n2) 12MP ultra wide (f/2.2)\n\n3)10MP (3x zoom, f/2.4)\n\n4)10MP (10x zoom, f/4.9)\n\n5) Laser AF sensor",
    "camrafranttitle": "40MP",
    "camrafrantdescription": "40MP (f/2.2)",
    "gaminggputitle": "1",
    "gaminggpudescription": "Mali-G78 MP14 (14 cores)",
    "networkspeedtitle": "1",
    "networkspeeddescription": "5G/4G\n\nWifi Speed\n\nWired Interface",
    "bodystoragetitle": "1",
    "bodystoragedescription": "Body Colours  \n\nBody Material\n\nStorage and Expansion\n\nSensors",
    "operatingsystemtitle": "1",
    "operatingsystemdescription": "OS Version\n\nRecent OS version if Available\n\nOS Features and other Apps Available",
    "networkfrequencytitle": "1",
    "networkfrequencydescription": "Network Frequencies Pure",
    "companyaccessorytitle": "1",
    "companyaccessorydescription": "First Party Accessories Bundled\n\nFirst Party Accessories Paid ",
    "conclusiontitle": " 1",
    "conclusiondescription": "1",
    "proccesor": "OS Android 11",
    "water_proff": "YES",
    "ssd_space": "128 SD",
    "price": "26000",
    "check": "false"
  }
  , {
  "id": "3",
  "name": "Product3",
  "descripations": "Product descripations1",
  "frantImage": "not image",
  "backImage": "image",
  "ramtitle": "6 GB",
  "ramdescription": "Samsung Exynos 2100 High-End Processor\n\nDetails of Eight CPU cores are below\n\n2.9 GHz Cortex X1 Single-core\n\n2.8 GHz Cortex A78 Triple-core\n\n2.2 GHz Cortex A55  Quad-core",
  "rameg": "These CPU cores work on a dynamic allocation.  e.g.,\n\n1) For gaming that relies on Single-core performance, Cortex XI will be used, which is the most powerful CPU core.\n\n2) For medium-level tasks such as image editing, video editing, etc., Cortex A78 is chosen.\n\n3) For web browsing, Cortex A55 is chosen.\n\n \n\nThus this CPU is one of the most diverse CPUs available as of Early 2021.",
  "displaytitle": "6.8 inches",
  "displaydescription": "1)Size Size 6.8 Inches\n\n2)Resolution 1440x3220 px\n\n3)Refresh Rate 120Hz\n\n4)Technology AMOLED",
  "pro": "dual core",
  "maincameratitle": "1",
  "maincameradescription": "1) 108MP wide (f/1.8)\n\n2) 12MP ultra wide (f/2.2)\n\n3)10MP (3x zoom, f/2.4)\n\n4)10MP (10x zoom, f/4.9)\n\n5) Laser AF sensor",
  "camrafranttitle": "40MP",
  "camrafrantdescription": "40MP (f/2.2)",
  "gaminggputitle": "1",
  "gaminggpudescription": "Mali-G78 MP14 (14 cores)",
  "networkspeedtitle": "1",
  "networkspeeddescription": "5G/4G\n\nWifi Speed\n\nWired Interface",
  "bodystoragetitle": "1",
  "bodystoragedescription": "Body Colours  \n\nBody Material\n\nStorage and Expansion\n\nSensors",
  "operatingsystemtitle": "1",
  "operatingsystemdescription": "OS Version\n\nRecent OS version if Available\n\nOS Features and other Apps Available",
  "networkfrequencytitle": "1",
  "networkfrequencydescription": "Network Frequencies Pure",
  "companyaccessorytitle": "1",
  "companyaccessorydescription": "First Party Accessories Bundled\n\nFirst Party Accessories Paid ",
  "conclusiontitle": " 1",
  "conclusiondescription": "1",
  "proccesor": "OS Android 11",
  "water_proff": "YES",
  "ssd_space": "128 SD",
  "price": "26000",
  "check": "false"
}
  , {
  "id": "4",
  "name": "Product4",
  "descripations": "Product descripations1",
  "frantImage": "not image",
  "backImage": "image",
  "ramtitle": "6 GB",
  "ramdescription": "Samsung Exynos 2100 High-End Processor\n\nDetails of Eight CPU cores are below\n\n2.9 GHz Cortex X1 Single-core\n\n2.8 GHz Cortex A78 Triple-core\n\n2.2 GHz Cortex A55  Quad-core",
  "rameg": "These CPU cores work on a dynamic allocation.  e.g.,\n\n1) For gaming that relies on Single-core performance, Cortex XI will be used, which is the most powerful CPU core.\n\n2) For medium-level tasks such as image editing, video editing, etc., Cortex A78 is chosen.\n\n3) For web browsing, Cortex A55 is chosen.\n\n \n\nThus this CPU is one of the most diverse CPUs available as of Early 2021.",
  "displaytitle": "6.8 inches",
  "displaydescription": "1)Size Size 6.8 Inches\n\n2)Resolution 1440x3220 px\n\n3)Refresh Rate 120Hz\n\n4)Technology AMOLED",
  "pro": "dual core",
  "maincameratitle": "1",
  "maincameradescription": "1) 108MP wide (f/1.8)\n\n2) 12MP ultra wide (f/2.2)\n\n3)10MP (3x zoom, f/2.4)\n\n4)10MP (10x zoom, f/4.9)\n\n5) Laser AF sensor",
  "camrafranttitle": "40MP",
  "camrafrantdescription": "40MP (f/2.2)",
  "gaminggputitle": "1",
  "gaminggpudescription": "Mali-G78 MP14 (14 cores)",
  "networkspeedtitle": "1",
  "networkspeeddescription": "5G/4G\n\nWifi Speed\n\nWired Interface",
  "bodystoragetitle": "1",
  "bodystoragedescription": "Body Colours  \n\nBody Material\n\nStorage and Expansion\n\nSensors",
  "operatingsystemtitle": "1",
  "operatingsystemdescription": "OS Version\n\nRecent OS version if Available\n\nOS Features and other Apps Available",
  "networkfrequencytitle": "1",
  "networkfrequencydescription": "Network Frequencies Pure",
  "companyaccessorytitle": "1",
  "companyaccessorydescription": "First Party Accessories Bundled\n\nFirst Party Accessories Paid ",
  "conclusiontitle": " 1",
  "conclusiondescription": "1",
  "proccesor": "OS Android 11",
  "water_proff": "YES",
  "ssd_space": "128 SD",
  "price": "26000",
  "check": "false"
}
  , {
  "id": "5",
  "name": "Product5",
  "descripations": "Product descripations1",
  "frantImage": "not image",
  "backImage": "image",
  "ramtitle": "6 GB",
  "ramdescription": "Samsung Exynos 2100 High-End Processor\n\nDetails of Eight CPU cores are below\n\n2.9 GHz Cortex X1 Single-core\n\n2.8 GHz Cortex A78 Triple-core\n\n2.2 GHz Cortex A55  Quad-core",
  "rameg": "These CPU cores work on a dynamic allocation.  e.g.,\n\n1) For gaming that relies on Single-core performance, Cortex XI will be used, which is the most powerful CPU core.\n\n2) For medium-level tasks such as image editing, video editing, etc., Cortex A78 is chosen.\n\n3) For web browsing, Cortex A55 is chosen.\n\n \n\nThus this CPU is one of the most diverse CPUs available as of Early 2021.",
  "displaytitle": "6.8 inches",
  "displaydescription": "1)Size Size 6.8 Inches\n\n2)Resolution 1440x3220 px\n\n3)Refresh Rate 120Hz\n\n4)Technology AMOLED",
  "pro": "dual core",
  "maincameratitle": "1",
  "maincameradescription": "1) 108MP wide (f/1.8)\n\n2) 12MP ultra wide (f/2.2)\n\n3)10MP (3x zoom, f/2.4)\n\n4)10MP (10x zoom, f/4.9)\n\n5) Laser AF sensor",
  "camrafranttitle": "40MP",
  "camrafrantdescription": "40MP (f/2.2)",
  "gaminggputitle": "1",
  "gaminggpudescription": "Mali-G78 MP14 (14 cores)",
  "networkspeedtitle": "1",
  "networkspeeddescription": "5G/4G\n\nWifi Speed\n\nWired Interface",
  "bodystoragetitle": "1",
  "bodystoragedescription": "Body Colours  \n\nBody Material\n\nStorage and Expansion\n\nSensors",
  "operatingsystemtitle": "1",
  "operatingsystemdescription": "OS Version\n\nRecent OS version if Available\n\nOS Features and other Apps Available",
  "networkfrequencytitle": "1",
  "networkfrequencydescription": "Network Frequencies Pure",
  "companyaccessorytitle": "1",
  "companyaccessorydescription": "First Party Accessories Bundled\n\nFirst Party Accessories Paid ",
  "conclusiontitle": " 1",
  "conclusiondescription": "1",
  "proccesor": "OS Android 11",
  "water_proff": "YES",
  "ssd_space": "128 SD",
  "price": "26000",
  "check": "false"
}
  , {
  "id": "1",
  "name": "Product1",
  "descripations": "Product descripations1",
  "frantImage": "not image",
  "backImage": "image",
  "ramtitle": "6 GB",
  "ramdescription": "Samsung Exynos 2100 High-End Processor\n\nDetails of Eight CPU cores are below\n\n2.9 GHz Cortex X1 Single-core\n\n2.8 GHz Cortex A78 Triple-core\n\n2.2 GHz Cortex A55  Quad-core",
  "rameg": "These CPU cores work on a dynamic allocation.  e.g.,\n\n1) For gaming that relies on Single-core performance, Cortex XI will be used, which is the most powerful CPU core.\n\n2) For medium-level tasks such as image editing, video editing, etc., Cortex A78 is chosen.\n\n3) For web browsing, Cortex A55 is chosen.\n\n \n\nThus this CPU is one of the most diverse CPUs available as of Early 2021.",
  "displaytitle": "6.8 inches",
  "displaydescription": "1)Size Size 6.8 Inches\n\n2)Resolution 1440x3220 px\n\n3)Refresh Rate 120Hz\n\n4)Technology AMOLED",
  "pro": "dual core",
  "maincameratitle": "1",
  "maincameradescription": "1) 108MP wide (f/1.8)\n\n2) 12MP ultra wide (f/2.2)\n\n3)10MP (3x zoom, f/2.4)\n\n4)10MP (10x zoom, f/4.9)\n\n5) Laser AF sensor",
  "camrafranttitle": "40MP",
  "camrafrantdescription": "40MP (f/2.2)",
  "gaminggputitle": "1",
  "gaminggpudescription": "Mali-G78 MP14 (14 cores)",
  "networkspeedtitle": "1",
  "networkspeeddescription": "5G/4G\n\nWifi Speed\n\nWired Interface",
  "bodystoragetitle": "1",
  "bodystoragedescription": "Body Colours  \n\nBody Material\n\nStorage and Expansion\n\nSensors",
  "operatingsystemtitle": "1",
  "operatingsystemdescription": "OS Version\n\nRecent OS version if Available\n\nOS Features and other Apps Available",
  "networkfrequencytitle": "1",
  "networkfrequencydescription": "Network Frequencies Pure",
  "companyaccessorytitle": "1",
  "companyaccessorydescription": "First Party Accessories Bundled\n\nFirst Party Accessories Paid ",
  "conclusiontitle": " 1",
  "conclusiondescription": "1",
  "proccesor": "OS Android 11",
  "water_proff": "YES",
  "ssd_space": "128 SD",
  "price": "26000",
  "check": "false"
}
  , {
  "id": "1",
  "name": "Product1",
  "descripations": "Product descripations1",
  "frantImage": "not image",
  "backImage": "image",
  "ramtitle": "6 GB",
  "ramdescription": "Samsung Exynos 2100 High-End Processor\n\nDetails of Eight CPU cores are below\n\n2.9 GHz Cortex X1 Single-core\n\n2.8 GHz Cortex A78 Triple-core\n\n2.2 GHz Cortex A55  Quad-core",
  "rameg": "These CPU cores work on a dynamic allocation.  e.g.,\n\n1) For gaming that relies on Single-core performance, Cortex XI will be used, which is the most powerful CPU core.\n\n2) For medium-level tasks such as image editing, video editing, etc., Cortex A78 is chosen.\n\n3) For web browsing, Cortex A55 is chosen.\n\n \n\nThus this CPU is one of the most diverse CPUs available as of Early 2021.",
  "displaytitle": "6.8 inches",
  "displaydescription": "1)Size Size 6.8 Inches\n\n2)Resolution 1440x3220 px\n\n3)Refresh Rate 120Hz\n\n4)Technology AMOLED",
  "pro": "dual core",
  "maincameratitle": "1",
  "maincameradescription": "1) 108MP wide (f/1.8)\n\n2) 12MP ultra wide (f/2.2)\n\n3)10MP (3x zoom, f/2.4)\n\n4)10MP (10x zoom, f/4.9)\n\n5) Laser AF sensor",
  "camrafranttitle": "40MP",
  "camrafrantdescription": "40MP (f/2.2)",
  "gaminggputitle": "1",
  "gaminggpudescription": "Mali-G78 MP14 (14 cores)",
  "networkspeedtitle": "1",
  "networkspeeddescription": "5G/4G\n\nWifi Speed\n\nWired Interface",
  "bodystoragetitle": "1",
  "bodystoragedescription": "Body Colours  \n\nBody Material\n\nStorage and Expansion\n\nSensors",
  "operatingsystemtitle": "1",
  "operatingsystemdescription": "OS Version\n\nRecent OS version if Available\n\nOS Features and other Apps Available",
  "networkfrequencytitle": "1",
  "networkfrequencydescription": "Network Frequencies Pure",
  "companyaccessorytitle": "1",
  "companyaccessorydescription": "First Party Accessories Bundled\n\nFirst Party Accessories Paid ",
  "conclusiontitle": " 1",
  "conclusiondescription": "1",
  "proccesor": "OS Android 11",
  "water_proff": "YES",
  "ssd_space": "128 SD",
  "price": "26000",
  "check": "false"
}
  , {
  "id": "1",
  "name": "Product1",
  "descripations": "Product descripations1",
  "frantImage": "not image",
  "backImage": "image",
  "ramtitle": "6 GB",
  "ramdescription": "Samsung Exynos 2100 High-End Processor\n\nDetails of Eight CPU cores are below\n\n2.9 GHz Cortex X1 Single-core\n\n2.8 GHz Cortex A78 Triple-core\n\n2.2 GHz Cortex A55  Quad-core",
  "rameg": "These CPU cores work on a dynamic allocation.  e.g.,\n\n1) For gaming that relies on Single-core performance, Cortex XI will be used, which is the most powerful CPU core.\n\n2) For medium-level tasks such as image editing, video editing, etc., Cortex A78 is chosen.\n\n3) For web browsing, Cortex A55 is chosen.\n\n \n\nThus this CPU is one of the most diverse CPUs available as of Early 2021.",
  "displaytitle": "6.8 inches",
  "displaydescription": "1)Size Size 6.8 Inches\n\n2)Resolution 1440x3220 px\n\n3)Refresh Rate 120Hz\n\n4)Technology AMOLED",
  "pro": "dual core",
  "maincameratitle": "1",
  "maincameradescription": "1) 108MP wide (f/1.8)\n\n2) 12MP ultra wide (f/2.2)\n\n3)10MP (3x zoom, f/2.4)\n\n4)10MP (10x zoom, f/4.9)\n\n5) Laser AF sensor",
  "camrafranttitle": "40MP",
  "camrafrantdescription": "40MP (f/2.2)",
  "gaminggputitle": "1",
  "gaminggpudescription": "Mali-G78 MP14 (14 cores)",
  "networkspeedtitle": "1",
  "networkspeeddescription": "5G/4G\n\nWifi Speed\n\nWired Interface",
  "bodystoragetitle": "1",
  "bodystoragedescription": "Body Colours  \n\nBody Material\n\nStorage and Expansion\n\nSensors",
  "operatingsystemtitle": "1",
  "operatingsystemdescription": "OS Version\n\nRecent OS version if Available\n\nOS Features and other Apps Available",
  "networkfrequencytitle": "1",
  "networkfrequencydescription": "Network Frequencies Pure",
  "companyaccessorytitle": "1",
  "companyaccessorydescription": "First Party Accessories Bundled\n\nFirst Party Accessories Paid ",
  "conclusiontitle": " 1",
  "conclusiondescription": "1",
  "proccesor": "OS Android 11",
  "water_proff": "YES",
  "ssd_space": "128 SD",
  "price": "26000",
  "check": "false"
}
  , {
  "id": "1",
  "name": "Product1",
  "descripations": "Product descripations1",
  "frantImage": "not image",
  "backImage": "image",
  "ramtitle": "6 GB",
  "ramdescription": "Samsung Exynos 2100 High-End Processor\n\nDetails of Eight CPU cores are below\n\n2.9 GHz Cortex X1 Single-core\n\n2.8 GHz Cortex A78 Triple-core\n\n2.2 GHz Cortex A55  Quad-core",
  "rameg": "These CPU cores work on a dynamic allocation.  e.g.,\n\n1) For gaming that relies on Single-core performance, Cortex XI will be used, which is the most powerful CPU core.\n\n2) For medium-level tasks such as image editing, video editing, etc., Cortex A78 is chosen.\n\n3) For web browsing, Cortex A55 is chosen.\n\n \n\nThus this CPU is one of the most diverse CPUs available as of Early 2021.",
  "displaytitle": "6.8 inches",
  "displaydescription": "1)Size Size 6.8 Inches\n\n2)Resolution 1440x3220 px\n\n3)Refresh Rate 120Hz\n\n4)Technology AMOLED",
  "pro": "dual core",
  "maincameratitle": "1",
  "maincameradescription": "1) 108MP wide (f/1.8)\n\n2) 12MP ultra wide (f/2.2)\n\n3)10MP (3x zoom, f/2.4)\n\n4)10MP (10x zoom, f/4.9)\n\n5) Laser AF sensor",
  "camrafranttitle": "40MP",
  "camrafrantdescription": "40MP (f/2.2)",
  "gaminggputitle": "1",
  "gaminggpudescription": "Mali-G78 MP14 (14 cores)",
  "networkspeedtitle": "1",
  "networkspeeddescription": "5G/4G\n\nWifi Speed\n\nWired Interface",
  "bodystoragetitle": "1",
  "bodystoragedescription": "Body Colours  \n\nBody Material\n\nStorage and Expansion\n\nSensors",
  "operatingsystemtitle": "1",
  "operatingsystemdescription": "OS Version\n\nRecent OS version if Available\n\nOS Features and other Apps Available",
  "networkfrequencytitle": "1",
  "networkfrequencydescription": "Network Frequencies Pure",
  "companyaccessorytitle": "1",
  "companyaccessorydescription": "First Party Accessories Bundled\n\nFirst Party Accessories Paid ",
  "conclusiontitle": " 1",
  "conclusiondescription": "1",
  "proccesor": "OS Android 11",
  "water_proff": "YES",
  "ssd_space": "128 SD",
  "price": "26000",
  "check": "false"
}

]